proportion data used to generate,proportion of rows generated,subset_variance,generated_variance,percent_decrease_variance
0.05,0.01,149809994.76722425,15629168.154607693,89.56733949634508
0.05,0.1,59667849.034044355,72762323.25899231,-21.945611308154778
0.05,0.5,38484437.61495255,118426444.27540605,-207.7255421017072
0.05,1.0,57388144.86605194,0.0,100.0
0.1,0.01,401363104.7814812,170304167.46473855,57.568554399772445
0.1,0.1,53368085.37711774,88515424.30189997,-65.85834713090928
0.1,0.5,66647886.05812475,72994352.51660259,-9.5223822297124
0.1,1.0,54832395.863106675,0.0,100.0
